{"id":"neoforge-21.3.5-beta","time":"2024-10-29T14:48:53.788564197","releaseTime":"2024-10-29T14:48:53.788564197","type":"release","mainClass":"cpw.mods.bootstraplauncher.BootstrapLauncher","inheritsFrom":"1.21.3","arguments":{"game":["--fml.neoForgeVersion","21.3.5-beta","--fml.fmlVersion","4.0.31","--fml.mcVersion","1.21.3","--fml.neoFormVersion","20241023.131943","--launchTarget","forgeclient"],"jvm":["-Djava.net.preferIPv6Addresses=system","-DignoreList=securejarhandler-3.0.8.jar,asm-9.7.jar,asm-commons-9.7.jar,asm-tree-9.7.jar,asm-util-9.7.jar,asm-analysis-9.7.jar,bootstraplauncher-2.0.2.jar,JarJarFileSystems-0.4.1.jar,client-extra,neoforge-,${version_name}.jar","-DmergeModules=jna-5.10.0.jar,jna-platform-5.10.0.jar","-Dfml.pluginLayerLibraries=","-Dfml.gameLayerLibraries=","-DlibraryDirectory=${library_directory}","-p","${library_directory}/cpw/mods/securejarhandler/3.0.8/securejarhandler-3.0.8.jar${classpath_separator}${library_directory}/org/ow2/asm/asm/9.7/asm-9.7.jar${classpath_separator}${library_directory}/org/ow2/asm/asm-commons/9.7/asm-commons-9.7.jar${classpath_separator}${library_directory}/org/ow2/asm/asm-tree/9.7/asm-tree-9.7.jar${classpath_separator}${library_directory}/org/ow2/asm/asm-util/9.7/asm-util-9.7.jar${classpath_separator}${library_directory}/org/ow2/asm/asm-analysis/9.7/asm-analysis-9.7.jar${classpath_separator}${library_directory}/cpw/mods/bootstraplauncher/2.0.2/bootstraplauncher-2.0.2.jar${classpath_separator}${library_directory}/net/neoforged/JarJarFileSystems/0.4.1/JarJarFileSystems-0.4.1.jar","--add-modules","ALL-MODULE-PATH","--add-opens","java.base/java.util.jar=cpw.mods.securejarhandler","--add-opens","java.base/java.lang.invoke=cpw.mods.securejarhandler","--add-exports","java.base/sun.security.util=cpw.mods.securejarhandler","--add-exports","jdk.naming.dns/com.sun.jndi.dns=java.naming"]},"libraries":[{"name":"net.neoforged:JarJarSelector:0.4.1@jar","downloads":{"artifact":{"sha1":"fb3cc7a58af22ad2880adb98af6d518128c47dae","size":17168,"url":"https://maven.neoforged.net/releases/net/neoforged/JarJarSelector/0.4.1/JarJarSelector-0.4.1.jar","path":"net/neoforged/JarJarSelector/0.4.1/JarJarSelector-0.4.1.jar"}}},{"name":"cpw.mods:modlauncher:11.0.4@jar","downloads":{"artifact":{"sha1":"6619d4812a3c092310d521ebc4c9503727563df7","size":116200,"url":"https://maven.neoforged.net/releases/cpw/mods/modlauncher/11.0.4/modlauncher-11.0.4.jar","path":"cpw/mods/modlauncher/11.0.4/modlauncher-11.0.4.jar"}}},{"name":"org.jline:jline-reader:3.20.0@jar","downloads":{"artifact":{"sha1":"8f15415b022a25b473e8e16c28ae913186ffb9c4","size":171052,"url":"https://maven.neoforged.net/releases/org/jline/jline-reader/3.20.0/jline-reader-3.20.0.jar","path":"org/jline/jline-reader/3.20.0/jline-reader-3.20.0.jar"}}},{"name":"org.apache.commons:commons-lang3:3.14.0@jar","downloads":{"artifact":{"sha1":"1ed471194b02f2c6cb734a0cd6f6f107c673afae","size":657952,"url":"https://libraries.minecraft.net/org/apache/commons/commons-lang3/3.14.0/commons-lang3-3.14.0.jar","path":"org/apache/commons/commons-lang3/3.14.0/commons-lang3-3.14.0.jar"}}},{"name":"org.apache.maven:maven-artifact:3.8.5@jar","downloads":{"artifact":{"sha1":"4433f50c07debefaed0553bd0068f4f48d449313","size":58077,"url":"https://maven.neoforged.net/releases/org/apache/maven/maven-artifact/3.8.5/maven-artifact-3.8.5.jar","path":"org/apache/maven/maven-artifact/3.8.5/maven-artifact-3.8.5.jar"}}},{"name":"net.jodah:typetools:0.6.3@jar","downloads":{"artifact":{"sha1":"a01aaa6ddaea9ec07ec4f209487b7a46a526283a","size":18281,"url":"https://maven.neoforged.net/releases/net/jodah/typetools/0.6.3/typetools-0.6.3.jar","path":"net/jodah/typetools/0.6.3/typetools-0.6.3.jar"}}},{"name":"net.neoforged:JarJarFileSystems:0.4.1@jar","downloads":{"artifact":{"sha1":"78f59f89defcd032ed788b151ca6a0d40ace796a","size":31807,"url":"https://maven.neoforged.net/releases/net/neoforged/JarJarFileSystems/0.4.1/JarJarFileSystems-0.4.1.jar","path":"net/neoforged/JarJarFileSystems/0.4.1/JarJarFileSystems-0.4.1.jar"}}},{"name":"org.jline:jline-terminal:3.20.0@jar","downloads":{"artifact":{"sha1":"d0ddcc708ddf527a3454c941b7b9225cc83a15ff","size":228481,"url":"https://maven.neoforged.net/releases/org/jline/jline-terminal/3.20.0/jline-terminal-3.20.0.jar","path":"org/jline/jline-terminal/3.20.0/jline-terminal-3.20.0.jar"}}},{"name":"org.ow2.asm:asm:9.7@jar","downloads":{"artifact":{"sha1":"073d7b3086e14beb604ced229c302feff6449723","size":125428,"url":"https://maven.neoforged.net/releases/org/ow2/asm/asm/9.7/asm-9.7.jar","path":"org/ow2/asm/asm/9.7/asm-9.7.jar"}}},{"name":"org.openjdk.nashorn:nashorn-core:15.4@jar","downloads":{"artifact":{"sha1":"f67f5ffaa5f5130cf6fb9b133da00c7df3b532a5","size":2167292,"url":"https://maven.neoforged.net/releases/org/openjdk/nashorn/nashorn-core/15.4/nashorn-core-15.4.jar","path":"org/openjdk/nashorn/nashorn-core/15.4/nashorn-core-15.4.jar"}}},{"name":"com.google.code.findbugs:jsr305:3.0.2@jar","downloads":{"artifact":{"sha1":"25ea2e8b0c338a877313bd4672d3fe056ea78f0d","size":19936,"url":"https://libraries.minecraft.net/com/google/code/findbugs/jsr305/3.0.2/jsr305-3.0.2.jar","path":"com/google/code/findbugs/jsr305/3.0.2/jsr305-3.0.2.jar"}}},{"name":"net.neoforged:accesstransformers:10.0.1@jar","downloads":{"artifact":{"sha1":"fd83b5725f76eae9115e9355fa1c456a6a441400","size":67234,"url":"https://maven.neoforged.net/releases/net/neoforged/accesstransformers/10.0.1/accesstransformers-10.0.1.jar","path":"net/neoforged/accesstransformers/10.0.1/accesstransformers-10.0.1.jar"}}},{"name":"net.neoforged:coremods:7.0.3@jar","downloads":{"artifact":{"sha1":"09147e6f638b4272b3bd5fc8f92ad37802512c6c","size":22659,"url":"https://maven.neoforged.net/releases/net/neoforged/coremods/7.0.3/coremods-7.0.3.jar","path":"net/neoforged/coremods/7.0.3/coremods-7.0.3.jar"}}},{"name":"net.neoforged:bus:8.0.2@jar","downloads":{"artifact":{"sha1":"163c9ef7c4bcca6d850c34e95261b606af91fe06","size":29341,"url":"https://maven.neoforged.net/releases/net/neoforged/bus/8.0.2/bus-8.0.2.jar","path":"net/neoforged/bus/8.0.2/bus-8.0.2.jar"}}},{"name":"org.codehaus.plexus:plexus-utils:3.3.0@jar","downloads":{"artifact":{"sha1":"cf43b5391de623b36fe066a21127baef82c64022","size":263253,"url":"https://maven.neoforged.net/releases/org/codehaus/plexus/plexus-utils/3.3.0/plexus-utils-3.3.0.jar","path":"org/codehaus/plexus/plexus-utils/3.3.0/plexus-utils-3.3.0.jar"}}},{"name":"org.ow2.asm:asm-commons:9.7@jar","downloads":{"artifact":{"sha1":"e86dda4696d3c185fcc95d8d311904e7ce38a53f","size":73426,"url":"https://maven.neoforged.net/releases/org/ow2/asm/asm-commons/9.7/asm-commons-9.7.jar","path":"org/ow2/asm/asm-commons/9.7/asm-commons-9.7.jar"}}},{"name":"org.antlr:antlr4-runtime:4.13.1@jar","downloads":{"artifact":{"sha1":"17125bae1d965624e265ef49552f6465a2bfa307","size":326305,"url":"https://maven.neoforged.net/releases/org/antlr/antlr4-runtime/4.13.1/antlr4-runtime-4.13.1.jar","path":"org/antlr/antlr4-runtime/4.13.1/antlr4-runtime-4.13.1.jar"}}},{"name":"net.fabricmc:sponge-mixin:0.15.2+mixin.0.8.7@jar","downloads":{"artifact":{"sha1":"2af2f021d8e02a0220dc27a7a72b4666d66d44ca","size":1494751,"url":"https://maven.neoforged.net/releases/net/fabricmc/sponge-mixin/0.15.2+mixin.0.8.7/sponge-mixin-0.15.2+mixin.0.8.7.jar","path":"net/fabricmc/sponge-mixin/0.15.2+mixin.0.8.7/sponge-mixin-0.15.2+mixin.0.8.7.jar"}}},{"name":"org.ow2.asm:asm-analysis:9.7@jar","downloads":{"artifact":{"sha1":"e4a258b7eb96107106c0599f0061cfc1832fe07a","size":34776,"url":"https://maven.neoforged.net/releases/org/ow2/asm/asm-analysis/9.7/asm-analysis-9.7.jar","path":"org/ow2/asm/asm-analysis/9.7/asm-analysis-9.7.jar"}}},{"name":"commons-io:commons-io:2.15.1@jar","downloads":{"artifact":{"sha1":"f11560da189ab563a5c8e351941415430e9304ea","size":501218,"url":"https://libraries.minecraft.net/commons-io/commons-io/2.15.1/commons-io-2.15.1.jar","path":"commons-io/commons-io/2.15.1/commons-io-2.15.1.jar"}}},{"name":"cpw.mods:securejarhandler:3.0.8@jar","downloads":{"artifact":{"sha1":"c0ef95cecd8699a0449053ac7d9c160748d902cd","size":103765,"url":"https://maven.neoforged.net/releases/cpw/mods/securejarhandler/3.0.8/securejarhandler-3.0.8.jar","path":"cpw/mods/securejarhandler/3.0.8/securejarhandler-3.0.8.jar"}}},{"name":"net.minecraftforge:srgutils:0.4.15@jar","downloads":{"artifact":{"sha1":"ca408b131759478f164e010fae0d73997e125fb5","size":69393,"url":"https://maven.neoforged.net/releases/net/minecraftforge/srgutils/0.4.15/srgutils-0.4.15.jar","path":"net/minecraftforge/srgutils/0.4.15/srgutils-0.4.15.jar"}}},{"name":"org.apache.logging.log4j:log4j-api:2.22.1@jar","downloads":{"artifact":{"sha1":"bea6fede6328fabafd7e68363161a7ea6605abd1","size":335001,"url":"https://libraries.minecraft.net/org/apache/logging/log4j/log4j-api/2.22.1/log4j-api-2.22.1.jar","path":"org/apache/logging/log4j/log4j-api/2.22.1/log4j-api-2.22.1.jar"}}},{"name":"net.neoforged:mergetool:2.0.3:api@jar","downloads":{"artifact":{"sha1":"1275202cbbb248f49345cf6787ce299afd9a02fb","size":2550,"url":"https://maven.neoforged.net/releases/net/neoforged/mergetool/2.0.3/mergetool-2.0.3-api.jar","path":"net/neoforged/mergetool/2.0.3/mergetool-2.0.3-api.jar"}}},{"name":"com.machinezoo.noexception:noexception:1.7.1@jar","downloads":{"artifact":{"sha1":"b65330c98e38a1f915fa54a6e5eca496505e3f0a","size":250861,"url":"https://maven.neoforged.net/releases/com/machinezoo/noexception/noexception/1.7.1/noexception-1.7.1.jar","path":"com/machinezoo/noexception/noexception/1.7.1/noexception-1.7.1.jar"}}},{"name":"com.google.guava:failureaccess:1.0.1@jar","downloads":{"artifact":{"sha1":"1dcf1de382a0bf95a3d8b0849546c88bac1292c9","size":4617,"url":"https://libraries.minecraft.net/com/google/guava/failureaccess/1.0.1/failureaccess-1.0.1.jar","path":"com/google/guava/failureaccess/1.0.1/failureaccess-1.0.1.jar"}}},{"name":"com.electronwill.night-config:toml:3.8.0@jar","downloads":{"artifact":{"sha1":"861dbcf2757dd6701c98b3949198549ccb5f62ff","size":39515,"url":"https://maven.neoforged.net/releases/com/electronwill/night-config/toml/3.8.0/toml-3.8.0.jar","path":"com/electronwill/night-config/toml/3.8.0/toml-3.8.0.jar"}}},{"name":"com.google.errorprone:error_prone_annotations:2.18.0@jar","downloads":{"artifact":{"sha1":"89b684257096f548fa39a7df9fdaa409d4d4df91","size":16017,"url":"https://libraries.minecraft.net/com/google/errorprone/error_prone_annotations/2.18.0/error_prone_annotations-2.18.0.jar","path":"com/google/errorprone/error_prone_annotations/2.18.0/error_prone_annotations-2.18.0.jar"}}},{"name":"org.slf4j:slf4j-api:2.0.9@jar","downloads":{"artifact":{"sha1":"7cf2726fdcfbc8610f9a71fb3ed639871f315340","size":64579,"url":"https://libraries.minecraft.net/org/slf4j/slf4j-api/2.0.9/slf4j-api-2.0.9.jar","path":"org/slf4j/slf4j-api/2.0.9/slf4j-api-2.0.9.jar"}}},{"name":"cpw.mods:bootstraplauncher:2.0.2@jar","downloads":{"artifact":{"sha1":"1a2d076cbc33b0520cbacd591224427b2a20047d","size":11116,"url":"https://maven.neoforged.net/releases/cpw/mods/bootstraplauncher/2.0.2/bootstraplauncher-2.0.2.jar","path":"cpw/mods/bootstraplauncher/2.0.2/bootstraplauncher-2.0.2.jar"}}},{"name":"net.neoforged.fancymodloader:loader:4.0.31@jar","downloads":{"artifact":{"sha1":"3218703063e576c5c1f3edcccc1f3c06cb95bf48","size":498015,"url":"https://maven.neoforged.net/releases/net/neoforged/fancymodloader/loader/4.0.31/loader-4.0.31.jar","path":"net/neoforged/fancymodloader/loader/4.0.31/loader-4.0.31.jar"}}},{"name":"com.electronwill.night-config:core:3.8.0@jar","downloads":{"artifact":{"sha1":"2498dd2b3120dd49e963e2feab8fa5d0c5f80e0a","size":365488,"url":"https://maven.neoforged.net/releases/com/electronwill/night-config/core/3.8.0/core-3.8.0.jar","path":"com/electronwill/night-config/core/3.8.0/core-3.8.0.jar"}}},{"name":"net.neoforged.accesstransformers:at-modlauncher:10.0.1@jar","downloads":{"artifact":{"sha1":"5aba50202aceead086bc09fbc2751c9f05cb4890","size":2347,"url":"https://maven.neoforged.net/releases/net/neoforged/accesstransformers/at-modlauncher/10.0.1/at-modlauncher-10.0.1.jar","path":"net/neoforged/accesstransformers/at-modlauncher/10.0.1/at-modlauncher-10.0.1.jar"}}},{"name":"com.google.guava:guava:32.1.2-jre@jar","downloads":{"artifact":{"sha1":"5e64ec7e056456bef3a4bc4c6fdaef71e8ab6318","size":3041591,"url":"https://libraries.minecraft.net/com/google/guava/guava/32.1.2-jre/guava-32.1.2-jre.jar","path":"com/google/guava/guava/32.1.2-jre/guava-32.1.2-jre.jar"}}},{"name":"org.checkerframework:checker-qual:3.33.0@jar","downloads":{"artifact":{"sha1":"de2b60b62da487644fc11f734e73c8b0b431238f","size":223979,"url":"https://libraries.minecraft.net/org/checkerframework/checker-qual/3.33.0/checker-qual-3.33.0.jar","path":"org/checkerframework/checker-qual/3.33.0/checker-qual-3.33.0.jar"}}},{"name":"net.minecrell:terminalconsoleappender:1.3.0@jar","downloads":{"artifact":{"sha1":"b562e9bb61235c9520e26282cdee71f8f802d1fc","size":16949,"url":"https://maven.neoforged.net/releases/net/minecrell/terminalconsoleappender/1.3.0/terminalconsoleappender-1.3.0.jar","path":"net/minecrell/terminalconsoleappender/1.3.0/terminalconsoleappender-1.3.0.jar"}}},{"name":"net.neoforged.fancymodloader:earlydisplay:4.0.31@jar","downloads":{"artifact":{"sha1":"01aa78304adfb2e2830f6aa99d9c6bdebf0b14e0","size":261721,"url":"https://maven.neoforged.net/releases/net/neoforged/fancymodloader/earlydisplay/4.0.31/earlydisplay-4.0.31.jar","path":"net/neoforged/fancymodloader/earlydisplay/4.0.31/earlydisplay-4.0.31.jar"}}},{"name":"org.apache.logging.log4j:log4j-core:2.22.1@jar","downloads":{"artifact":{"sha1":"7183a25510a02ad00cc6a95d3b3d2a7d3c5a8dc4","size":1900022,"url":"https://libraries.minecraft.net/org/apache/logging/log4j/log4j-core/2.22.1/log4j-core-2.22.1.jar","path":"org/apache/logging/log4j/log4j-core/2.22.1/log4j-core-2.22.1.jar"}}},{"name":"net.sf.jopt-simple:jopt-simple:5.0.4@jar","downloads":{"artifact":{"sha1":"4fdac2fbe92dfad86aa6e9301736f6b4342a3f5c","size":78146,"url":"https://libraries.minecraft.net/net/sf/jopt-simple/jopt-simple/5.0.4/jopt-simple-5.0.4.jar","path":"net/sf/jopt-simple/jopt-simple/5.0.4/jopt-simple-5.0.4.jar"}}},{"name":"net.neoforged:JarJarMetadata:0.4.1@jar","downloads":{"artifact":{"sha1":"f8da03683dc81694556dc3e177c5e3bb77ae6fcb","size":15648,"url":"https://maven.neoforged.net/releases/net/neoforged/JarJarMetadata/0.4.1/JarJarMetadata-0.4.1.jar","path":"net/neoforged/JarJarMetadata/0.4.1/JarJarMetadata-0.4.1.jar"}}},{"name":"org.ow2.asm:asm-util:9.7@jar","downloads":{"artifact":{"sha1":"c0655519f24d92af2202cb681cd7c1569df6ead6","size":93784,"url":"https://maven.neoforged.net/releases/org/ow2/asm/asm-util/9.7/asm-util-9.7.jar","path":"org/ow2/asm/asm-util/9.7/asm-util-9.7.jar"}}},{"name":"org.apache.logging.log4j:log4j-slf4j2-impl:2.22.1@jar","downloads":{"artifact":{"sha1":"d7e6693c2606cb7e7335047d7bb96dec52db5665","size":27364,"url":"https://libraries.minecraft.net/org/apache/logging/log4j/log4j-slf4j2-impl/2.22.1/log4j-slf4j2-impl-2.22.1.jar","path":"org/apache/logging/log4j/log4j-slf4j2-impl/2.22.1/log4j-slf4j2-impl-2.22.1.jar"}}},{"name":"org.ow2.asm:asm-tree:9.7@jar","downloads":{"artifact":{"sha1":"e446a17b175bfb733b87c5c2560ccb4e57d69f1a","size":51934,"url":"https://maven.neoforged.net/releases/org/ow2/asm/asm-tree/9.7/asm-tree-9.7.jar","path":"org/ow2/asm/asm-tree/9.7/asm-tree-9.7.jar"}}},{"name":"com.google.j2objc:j2objc-annotations:2.8@jar","downloads":{"artifact":{"sha1":"c85270e307e7b822f1086b93689124b89768e273","size":9301,"url":"https://libraries.minecraft.net/com/google/j2objc/j2objc-annotations/2.8/j2objc-annotations-2.8.jar","path":"com/google/j2objc/j2objc-annotations/2.8/j2objc-annotations-2.8.jar"}}},{"name":"com.mojang:logging:1.4.9@jar","downloads":{"artifact":{"sha1":"275b4b0469bb089e2633b569768be913a444e5d9","size":19800,"url":"https://libraries.minecraft.net/com/mojang/logging/1.4.9/logging-1.4.9.jar","path":"com/mojang/logging/1.4.9/logging-1.4.9.jar"}}},{"name":"com.google.guava:listenablefuture:9999.0-empty-to-avoid-conflict-with-guava@jar","downloads":{"artifact":{"sha1":"b421526c5f297295adef1c886e5246c39d4ac629","size":2199,"url":"https://libraries.minecraft.net/com/google/guava/listenablefuture/9999.0-empty-to-avoid-conflict-with-guava/listenablefuture-9999.0-empty-to-avoid-conflict-with-guava.jar","path":"com/google/guava/listenablefuture/9999.0-empty-to-avoid-conflict-with-guava/listenablefuture-9999.0-empty-to-avoid-conflict-with-guava.jar"}}},{"name":"com.google.code.gson:gson:2.10.1@jar","downloads":{"artifact":{"sha1":"b3add478d4382b78ea20b1671390a858002feb6c","size":283367,"url":"https://libraries.minecraft.net/com/google/code/gson/gson/2.10.1/gson-2.10.1.jar","path":"com/google/code/gson/gson/2.10.1/gson-2.10.1.jar"}}}]}